Rank_2015,Pokemon,Usage%_2015,Raw_2015,%_2015,Real_2015,%.1_2015,Rank_2025,Usage%_2025,Raw_2025,%_2025,Real_2025,%.1_2025
62.0,Abomasnow,2.18801%,81.0,2.188%,72.0,2.478%,37.0,3.97171%,3409.0,3.972%,2979.0,4.382%
266.0,Abra,0.05402%,2.0,0.054%,2.0,0.069%,,,,,,
173.0,Absol,0.24311%,9.0,0.243%,8.0,0.275%,176.0,0.18641%,160.0,0.186%,130.0,0.191%
291.0,Accelgor,0.05402%,2.0,0.054%,2.0,0.069%,169.0,0.20855%,179.0,0.209%,149.0,0.219%
74.0,Aerodactyl,1.70178%,63.0,1.702%,57.0,1.962%,76.0,1.21050%,1039.0,1.211%,968.0,1.424%
185.0,Aggron,0.18909%,7.0,0.189%,3.0,0.103%,131.0,0.38797%,333.0,0.388%,250.0,0.368%
25.0,Alakazam,6.34792%,235.0,6.348%,176.0,6.059%,12.0,15.83675%,13593.0,15.837%,9708.0,14.281%
146.0,Alomomola,0.37817%,14.0,0.378%,8.0,0.275%,151.0,0.27729%,238.0,0.277%,184.0,0.271%
135.0,Altaria,0.48622%,18.0,0.486%,14.0,0.482%,210.0,0.10369%,89.0,0.104%,76.0,0.112%
147.0,Ambipom,0.37817%,14.0,0.378%,6.0,0.207%,102.0,0.65710%,564.0,0.657%,467.0,0.687%
76.0,Amoonguss,1.64776%,61.0,1.648%,50.0,1.721%,60.0,1.67420%,1437.0,1.674%,1191.0,1.752%
148.0,Ampharos,0.35116%,13.0,0.351%,8.0,0.275%,278.0,0.04311%,37.0,0.043%,30.0,0.044%
372.0,Anorith,0.02701%,1.0,0.027%,1.0,0.034%,393.0,0.00466%,4.0,0.005%,2.0,0.003%
233.0,Arbok,0.10805%,4.0,0.108%,3.0,0.103%,229.0,0.08388%,72.0,0.084%,50.0,0.074%
97.0,Arcanine,1.02647%,38.0,1.026%,32.0,1.102%,84.0,1.02992%,884.0,1.030%,678.0,0.997%
,Archen,,,,,,422.0,0.00233%,2.0,0.002%,2.0,0.003%
184.0,Archeops,0.21610%,8.0,0.216%,6.0,0.207%,135.0,0.34835%,299.0,0.348%,265.0,0.390%
,Ariados,,,,,,365.0,0.00816%,7.0,0.008%,7.0,0.010%
305.0,Armaldo,0.05402%,2.0,0.054%,2.0,0.069%,156.0,0.25864%,222.0,0.259%,191.0,0.281%
121.0,Aron,0.67531%,25.0,0.675%,19.0,0.654%,191.0,0.14680%,126.0,0.147%,97.0,0.143%
272.0,Articuno,0.05402%,2.0,0.054%,1.0,0.034%,219.0,0.09321%,80.0,0.093%,69.0,0.102%
285.0,Audino,0.05402%,2.0,0.054%,1.0,0.034%,123.0,0.45554%,391.0,0.456%,336.0,0.494%
336.0,Axew,0.02701%,1.0,0.027%,1.0,0.034%,,,,,,
72.0,Azelf,1.75581%,65.0,1.756%,58.0,1.997%,52.0,2.07032%,1777.0,2.070%,1685.0,2.479%
68.0,Azumarill,1.89087%,70.0,1.891%,52.0,1.790%,147.0,0.28661%,246.0,0.287%,180.0,0.265%
,Baltoy,,,,,,348.0,0.01398%,12.0,0.014%,12.0,0.018%
232.0,Banette,0.10805%,4.0,0.108%,3.0,0.103%,268.0,0.05359%,46.0,0.054%,35.0,0.051%
269.0,Basculin,0.05402%,2.0,0.054%,0.0,0.000%,294.0,0.03146%,27.0,0.031%,22.0,0.032%
340.0,Bastiodon,0.02701%,1.0,0.027%,1.0,0.034%,217.0,0.09437%,81.0,0.094%,66.0,0.097%
274.0,Bayleef,0.05402%,2.0,0.054%,1.0,0.034%,376.0,0.00583%,5.0,0.006%,4.0,0.006%
172.0,Beartic,0.27012%,10.0,0.270%,8.0,0.275%,258.0,0.06291%,54.0,0.063%,44.0,0.065%
,Beautifly,,,,,,288.0,0.03379%,29.0,0.034%,21.0,0.031%
345.0,Beedrill,0.02701%,1.0,0.027%,1.0,0.034%,296.0,0.03146%,27.0,0.031%,23.0,0.034%
343.0,Beheeyem,0.02701%,1.0,0.027%,1.0,0.034%,202.0,0.11534%,99.0,0.115%,81.0,0.119%
339.0,Beldum,0.02701%,1.0,0.027%,1.0,0.034%,,,,,,
,Bellossom,,,,,,452.0,0.00117%,1.0,0.001%,1.0,0.001%
240.0,Bibarel,0.08104%,3.0,0.081%,2.0,0.069%,355.0,0.01165%,10.0,0.012%,5.0,0.007%
58.0,Bisharp,2.53917%,94.0,2.539%,69.0,2.375%,66.0,1.48896%,1278.0,1.489%,980.0,1.442%
83.0,Blastoise,1.43166%,53.0,1.432%,45.0,1.549%,62.0,1.62993%,1399.0,1.630%,1140.0,1.677%
61.0,Blissey,2.35008%,87.0,2.350%,69.0,2.375%,39.0,3.60006%,3090.0,3.600%,2416.0,3.554%
,Blitzle,,,,,,404.0,0.00350%,3.0,0.003%,3.0,0.004%
327.0,Boldore,0.02701%,1.0,0.027%,1.0,0.034%,324.0,0.01981%,17.0,0.020%,17.0,0.025%
362.0,Bouffalant,0.02701%,1.0,0.027%,1.0,0.034%,179.0,0.17359%,149.0,0.174%,113.0,0.166%
137.0,Braviary,0.45921%,17.0,0.459%,14.0,0.482%,112.0,0.57438%,493.0,0.574%,360.0,0.530%
11.0,Breloom,13.20908%,489.0,13.209%,390.0,13.425%,17.0,10.68716%,9173.0,10.687%,7099.0,10.443%
102.0,Bronzong,0.91842%,34.0,0.918%,27.0,0.929%,59.0,1.76042%,1511.0,1.760%,1318.0,1.939%
249.0,Bronzor,0.08104%,3.0,0.081%,3.0,0.103%,396.0,0.00466%,4.0,0.005%,3.0,0.004%
210.0,Buizel,0.13506%,5.0,0.135%,5.0,0.172%,450.0,0.00117%,1.0,0.001%,1.0,0.001%
225.0,Bulbasaur,0.10805%,4.0,0.108%,3.0,0.103%,386.0,0.00466%,4.0,0.005%,3.0,0.004%
,Burmy,,,,,,474.0,0.00117%,1.0,0.001%,1.0,0.001%
307.0,Butterfree,0.02701%,1.0,0.027%,1.0,0.034%,303.0,0.02913%,25.0,0.029%,23.0,0.034%
377.0,Cacnea,0.02701%,1.0,0.027%,0.0,0.000%,441.0,0.00117%,1.0,0.001%,1.0,0.001%
281.0,Cacturne,0.05402%,2.0,0.054%,2.0,0.069%,220.0,0.09204%,79.0,0.092%,63.0,0.093%
242.0,Camerupt,0.08104%,3.0,0.081%,3.0,0.103%,275.0,0.04660%,40.0,0.047%,31.0,0.046%
,Carnivine,,,,,,407.0,0.00350%,3.0,0.003%,3.0,0.004%
181.0,Carracosta,0.21610%,8.0,0.216%,5.0,0.172%,144.0,0.31340%,269.0,0.313%,205.0,0.302%
265.0,Cascoon,0.05402%,2.0,0.054%,2.0,0.069%,,,,,,
,Castform,,,,,,266.0,0.05592%,48.0,0.056%,34.0,0.050%
,Caterpie,,,,,,462.0,0.00117%,1.0,0.001%,1.0,0.001%
38.0,Celebi,4.61912%,171.0,4.619%,143.0,4.923%,32.0,4.76279%,4088.0,4.763%,3434.0,5.052%
66.0,Chandelure,1.94489%,72.0,1.945%,59.0,2.031%,50.0,2.17052%,1863.0,2.171%,1475.0,2.170%
57.0,Chansey,2.70124%,100.0,2.701%,79.0,2.719%,45.0,2.69596%,2314.0,2.696%,1814.0,2.668%
53.0,Charizard,3.16045%,117.0,3.160%,89.0,3.064%,97.0,0.78992%,678.0,0.790%,515.0,0.758%
234.0,Charmander,0.10805%,4.0,0.108%,1.0,0.034%,,,,,,
,Charmeleon,,,,,,378.0,0.00583%,5.0,0.006%,5.0,0.007%
289.0,Chatot,0.05402%,2.0,0.054%,1.0,0.034%,329.0,0.01864%,16.0,0.019%,14.0,0.021%
,Cherrim,,,,,,262.0,0.05942%,51.0,0.059%,35.0,0.051%
,Chimchar,,,,,,468.0,0.00117%,1.0,0.001%,0.0,0.000%
,Chimecho,,,,,,330.0,0.01864%,16.0,0.019%,15.0,0.022%
320.0,Chinchou,0.02701%,1.0,0.027%,1.0,0.034%,,,,,,
190.0,Cinccino,0.18909%,7.0,0.189%,7.0,0.241%,148.0,0.28428%,244.0,0.284%,174.0,0.256%
,Clamperl,,,,,,271.0,0.05126%,44.0,0.051%,34.0,0.050%
222.0,Claydol,0.10805%,4.0,0.108%,4.0,0.138%,107.0,0.60933%,523.0,0.609%,450.0,0.662%
104.0,Clefable,0.89141%,33.0,0.891%,23.0,0.792%,69.0,1.41323%,1213.0,1.413%,1023.0,1.505%
,Clefairy,,,,,,400.0,0.00350%,3.0,0.003%,3.0,0.004%
35.0,Cloyster,5.07834%,188.0,5.078%,118.0,4.062%,,,,,,
162.0,Cobalion,0.29714%,11.0,0.297%,9.0,0.310%,126.0,0.42525%,365.0,0.425%,329.0,0.484%
122.0,Cofagrigus,0.67531%,25.0,0.675%,21.0,0.723%,72.0,1.33983%,1150.0,1.340%,875.0,1.287%
,Combusken,,,,,,319.0,0.02214%,19.0,0.022%,13.0,0.019%
50.0,Conkeldurr,3.37655%,125.0,3.377%,91.0,3.133%,29.0,6.55816%,5629.0,6.558%,4590.0,6.752%
349.0,Corphish,0.02701%,1.0,0.027%,1.0,0.034%,388.0,0.00466%,4.0,0.005%,2.0,0.003%
,Corsola,,,,,,264.0,0.05592%,48.0,0.056%,39.0,0.057%
283.0,Cottonee,0.05402%,2.0,0.054%,1.0,0.034%,320.0,0.02214%,19.0,0.022%,13.0,0.019%
236.0,Cradily,0.10805%,4.0,0.108%,4.0,0.138%,166.0,0.21321%,183.0,0.213%,156.0,0.229%
378.0,Cranidos,0.02701%,1.0,0.027%,0.0,0.000%,398.0,0.00466%,4.0,0.005%,0.0,0.000%
193.0,Crawdaunt,0.16207%,6.0,0.162%,5.0,0.172%,192.0,0.14330%,123.0,0.143%,96.0,0.141%
100.0,Cresselia,0.94543%,35.0,0.945%,20.0,0.688%,75.0,1.29439%,1111.0,1.294%,883.0,1.299%
89.0,Crobat,1.21556%,45.0,1.216%,34.0,1.170%,73.0,1.30953%,1124.0,1.310%,898.0,1.321%
,Croconaw,,,,,,412.0,0.00350%,3.0,0.003%,1.0,0.001%
208.0,Crustle,0.13506%,5.0,0.135%,5.0,0.172%,190.0,0.14913%,128.0,0.149%,104.0,0.153%
237.0,Cryogonal,0.10805%,4.0,0.108%,3.0,0.103%,218.0,0.09321%,80.0,0.093%,61.0,0.090%
,Cubone,,,,,,373.0,0.00699%,6.0,0.007%,6.0,0.009%
342.0,Cyndaquil,0.02701%,1.0,0.027%,1.0,0.034%,,,,,,
71.0,Darmanitan,1.86386%,69.0,1.864%,52.0,1.790%,57.0,1.93751%,1663.0,1.938%,1243.0,1.829%
,Darumaka,,,,,,429.0,0.00233%,2.0,0.002%,1.0,0.001%
329.0,Deerling,0.02701%,1.0,0.027%,1.0,0.034%,,,,,,
,Delcatty,,,,,,318.0,0.02330%,20.0,0.023%,17.0,0.025%
224.0,Delibird,0.10805%,4.0,0.108%,3.0,0.103%,394.0,0.00466%,4.0,0.005%,3.0,0.004%
302.0,Dewgong,0.05402%,2.0,0.054%,2.0,0.069%,331.0,0.01748%,15.0,0.017%,8.0,0.012%
,Dewott,,,,,,364.0,0.00816%,7.0,0.008%,7.0,0.010%
293.0,Diglett,0.05402%,2.0,0.054%,2.0,0.069%,,,,,,
114.0,Ditto,0.75635%,28.0,0.756%,17.0,0.585%,103.0,0.63729%,547.0,0.637%,386.0,0.568%
260.0,Dodrio,0.05402%,2.0,0.054%,1.0,0.034%,265.0,0.05592%,48.0,0.056%,21.0,0.031%
37.0,Donphan,4.72717%,175.0,4.727%,146.0,5.026%,44.0,3.03733%,2607.0,3.037%,2110.0,3.104%
356.0,Dragonair,0.02701%,1.0,0.027%,1.0,0.034%,328.0,0.01981%,17.0,0.020%,13.0,0.019%
12.0,Dragonite,12.99298%,481.0,12.993%,352.0,12.117%,11.0,16.38084%,14060.0,16.381%,9867.0,14.515%
159.0,Drapion,0.32415%,12.0,0.324%,9.0,0.310%,153.0,0.27146%,233.0,0.271%,178.0,0.262%
,Dratini,,,,,,472.0,0.00117%,1.0,0.001%,1.0,0.001%
161.0,Drifblim,0.29714%,11.0,0.297%,9.0,0.310%,150.0,0.28195%,242.0,0.282%,179.0,0.263%
288.0,Drilbur,0.05402%,2.0,0.054%,0.0,0.000%,,,,,,
370.0,Drowzee,0.02701%,1.0,0.027%,1.0,0.034%,312.0,0.02447%,21.0,0.024%,16.0,0.024%
156.0,Druddigon,0.32415%,12.0,0.324%,9.0,0.310%,155.0,0.25981%,223.0,0.260%,193.0,0.284%
,Ducklett,,,,,,372.0,0.00699%,6.0,0.007%,5.0,0.007%
42.0,Dugtrio,4.07888%,151.0,4.079%,111.0,3.821%,235.0,0.07689%,66.0,0.077%,56.0,0.082%
229.0,Dunsparce,0.10805%,4.0,0.108%,3.0,0.103%,358.0,0.01049%,9.0,0.010%,9.0,0.013%
,Duosion,,,,,,289.0,0.03379%,29.0,0.034%,23.0,0.034%
134.0,Durant,0.48622%,18.0,0.486%,13.0,0.448%,174.0,0.19224%,165.0,0.192%,128.0,0.188%
144.0,Dusclops,0.40519%,15.0,0.405%,7.0,0.241%,90.0,0.88079%,756.0,0.881%,627.0,0.922%
174.0,Dusknoir,0.24311%,9.0,0.243%,7.0,0.241%,143.0,0.31923%,274.0,0.319%,219.0,0.322%
,Dustox,,,,,,360.0,0.00932%,8.0,0.009%,8.0,0.012%
,Dwebble,,,,,,470.0,0.00117%,1.0,0.001%,0.0,0.000%
,Eelektrik,,,,,,458.0,0.00117%,1.0,0.001%,1.0,0.001%
163.0,Eelektross,0.29714%,11.0,0.297%,11.0,0.379%,106.0,0.61982%,532.0,0.620%,398.0,0.585%
254.0,Eevee,0.05402%,2.0,0.054%,1.0,0.034%,432.0,0.00233%,2.0,0.002%,2.0,0.003%
,Ekans,,,,,,423.0,0.00233%,2.0,0.002%,2.0,0.003%
317.0,Electabuzz,0.02701%,1.0,0.027%,1.0,0.034%,352.0,0.01282%,11.0,0.013%,9.0,0.013%
95.0,Electivire,1.05348%,39.0,1.053%,33.0,1.136%,152.0,0.27263%,234.0,0.273%,184.0,0.271%
314.0,Electrode,0.02701%,1.0,0.027%,1.0,0.034%,234.0,0.07922%,68.0,0.079%,51.0,0.075%
93.0,Emboar,1.13452%,42.0,1.135%,38.0,1.308%,130.0,0.39263%,337.0,0.393%,265.0,0.390%
306.0,Emolga,0.02701%,1.0,0.027%,1.0,0.034%,201.0,0.11534%,99.0,0.115%,81.0,0.119%
96.0,Empoleon,1.02647%,38.0,1.026%,33.0,1.136%,89.0,0.89943%,772.0,0.899%,592.0,0.871%
228.0,Entei,0.10805%,4.0,0.108%,3.0,0.103%,225.0,0.09088%,78.0,0.091%,50.0,0.074%
213.0,Escavalier,0.13506%,5.0,0.135%,4.0,0.138%,160.0,0.25165%,216.0,0.252%,188.0,0.277%
44.0,Espeon,3.88979%,144.0,3.890%,105.0,3.614%,48.0,2.24159%,1924.0,2.242%,1513.0,2.226%
,Excadrill,,,,,,8.0,18.02009%,15467.0,18.020%,11393.0,16.760%
,Exeggcute,,,,,,446.0,0.00117%,1.0,0.001%,1.0,0.001%
262.0,Exeggutor,0.05402%,2.0,0.054%,2.0,0.069%,140.0,0.33088%,284.0,0.331%,214.0,0.315%
313.0,Exploud,0.02701%,1.0,0.027%,0.0,0.000%,399.0,0.00350%,3.0,0.003%,1.0,0.001%
,Farfetch'd,,,,,,357.0,0.01049%,9.0,0.010%,8.0,0.012%
263.0,Fearow,0.05402%,2.0,0.054%,2.0,0.069%,363.0,0.00816%,7.0,0.008%,6.0,0.009%
,Feebas,,,,,,469.0,0.00117%,1.0,0.001%,0.0,0.000%
111.0,Feraligatr,0.78336%,29.0,0.783%,22.0,0.757%,121.0,0.46952%,403.0,0.470%,269.0,0.396%
206.0,Ferroseed,0.13506%,5.0,0.135%,4.0,0.138%,344.0,0.01515%,13.0,0.015%,12.0,0.018%
1.0,Ferrothorn,23.04160%,853.0,23.042%,752.0,25.886%,2.0,27.34994%,23475.0,27.350%,20510.0,30.171%
248.0,Flaaffy,0.08104%,3.0,0.081%,3.0,0.103%,,,,,,
178.0,Flareon,0.24311%,9.0,0.243%,9.0,0.310%,256.0,0.06291%,54.0,0.063%,42.0,0.062%
221.0,Floatzel,0.10805%,4.0,0.108%,3.0,0.103%,236.0,0.07573%,65.0,0.076%,44.0,0.065%
128.0,Flygon,0.62129%,23.0,0.621%,17.0,0.585%,158.0,0.25631%,220.0,0.256%,160.0,0.235%
,Foongus,,,,,,308.0,0.02796%,24.0,0.028%,18.0,0.026%
28.0,Forretress,6.05078%,224.0,6.051%,192.0,6.609%,33.0,4.68124%,4018.0,4.681%,3453.0,5.079%
361.0,Fraxure,0.02701%,1.0,0.027%,0.0,0.000%,,,,,,
280.0,Frillish,0.05402%,2.0,0.054%,1.0,0.034%,349.0,0.01398%,12.0,0.014%,10.0,0.015%
94.0,Froslass,1.08050%,40.0,1.080%,34.0,1.170%,88.0,0.91924%,789.0,0.919%,727.0,1.069%
341.0,Furret,0.02701%,1.0,0.027%,1.0,0.034%,,,,,,
239.0,Gabite,0.08104%,3.0,0.081%,3.0,0.103%,366.0,0.00816%,7.0,0.008%,7.0,0.010%
116.0,Gallade,0.72934%,27.0,0.729%,21.0,0.723%,117.0,0.52428%,450.0,0.524%,355.0,0.522%
120.0,Galvantula,0.67531%,25.0,0.675%,19.0,0.654%,120.0,0.48117%,413.0,0.481%,323.0,0.475%
160.0,Garbodor,0.32415%,12.0,0.324%,10.0,0.344%,245.0,0.06874%,59.0,0.069%,51.0,0.075%
8.0,Garchomp,17.20692%,637.0,17.207%,506.0,17.418%,5.0,23.91299%,20525.0,23.913%,16417.0,24.150%
107.0,Gardevoir,0.89141%,33.0,0.891%,25.0,0.861%,161.0,0.25049%,215.0,0.250%,171.0,0.252%
358.0,Gastly,0.02701%,1.0,0.027%,0.0,0.000%,451.0,0.00117%,1.0,0.001%,1.0,0.001%
49.0,Gastrodon,3.45759%,128.0,3.458%,95.0,3.270%,38.0,3.64899%,3132.0,3.649%,2482.0,3.651%
18.0,Gengar,9.80551%,363.0,9.806%,274.0,9.432%,27.0,7.15351%,6140.0,7.154%,4475.0,6.583%
353.0,Geodude,0.02701%,1.0,0.027%,1.0,0.034%,427.0,0.00233%,2.0,0.002%,2.0,0.003%
,Gible,,,,,,285.0,0.03728%,32.0,0.037%,27.0,0.040%
176.0,Gigalith,0.24311%,9.0,0.243%,7.0,0.241%,183.0,0.16544%,142.0,0.165%,126.0,0.185%
,Girafarig,,,,,,321.0,0.02097%,18.0,0.021%,11.0,0.016%
171.0,Glaceon,0.27012%,10.0,0.270%,8.0,0.275%,247.0,0.06757%,58.0,0.068%,39.0,0.057%
,Glalie,,,,,,297.0,0.03146%,27.0,0.031%,24.0,0.035%
243.0,Gligar,0.08104%,3.0,0.081%,2.0,0.069%,309.0,0.02680%,23.0,0.027%,20.0,0.029%
20.0,Gliscor,7.29335%,270.0,7.293%,206.0,7.091%,18.0,10.53220%,9040.0,10.532%,7504.0,11.039%
,Gloom,,,,,,420.0,0.00233%,2.0,0.002%,2.0,0.003%
,Golbat,,,,,,350.0,0.01398%,12.0,0.014%,8.0,0.012%
197.0,Golduck,0.16207%,6.0,0.162%,4.0,0.138%,276.0,0.04660%,40.0,0.047%,36.0,0.053%
177.0,Golem,0.24311%,9.0,0.243%,9.0,0.310%,199.0,0.12000%,103.0,0.120%,94.0,0.138%
,Golett,,,,,,375.0,0.00699%,6.0,0.007%,6.0,0.009%
250.0,Golurk,0.08104%,3.0,0.081%,3.0,0.103%,98.0,0.75962%,652.0,0.760%,523.0,0.769%
60.0,Gorebyss,2.35008%,87.0,2.350%,68.0,2.341%,250.0,0.06641%,57.0,0.066%,38.0,0.056%
80.0,Gothitelle,1.48568%,55.0,1.486%,44.0,1.515%,208.0,0.10602%,91.0,0.106%,66.0,0.097%
,Gothorita,,,,,,414.0,0.00233%,2.0,0.002%,2.0,0.003%
,Granbull,,,,,,316.0,0.02330%,20.0,0.023%,16.0,0.024%
,Grimer,,,,,,424.0,0.00233%,2.0,0.002%,2.0,0.003%
,Grotle,,,,,,443.0,0.00117%,1.0,0.001%,1.0,0.001%
,Grovyle,,,,,,445.0,0.00117%,1.0,0.001%,1.0,0.001%
,Gulpin,,,,,,457.0,0.00117%,1.0,0.001%,1.0,0.001%
,Gurdurr,,,,,,454.0,0.00117%,1.0,0.001%,1.0,0.001%
31.0,Gyarados,5.51053%,204.0,5.511%,157.0,5.404%,28.0,6.81680%,5851.0,6.817%,4381.0,6.445%
275.0,Hariyama,0.05402%,2.0,0.054%,2.0,0.069%,209.0,0.10486%,90.0,0.105%,70.0,0.103%
332.0,Haunter,0.02701%,1.0,0.027%,1.0,0.034%,270.0,0.05126%,44.0,0.051%,33.0,0.049%
63.0,Haxorus,2.18801%,81.0,2.188%,63.0,2.169%,58.0,1.80585%,1550.0,1.806%,1135.0,1.670%
,Heatmor,,,,,,251.0,0.06641%,57.0,0.066%,48.0,0.071%
10.0,Heatran,16.69368%,618.0,16.694%,492.0,16.936%,21.0,9.44753%,8109.0,9.448%,6451.0,9.490%
70.0,Heracross,1.89087%,70.0,1.891%,53.0,1.824%,92.0,0.84817%,728.0,0.848%,560.0,0.824%
367.0,Herdier,0.02701%,1.0,0.027%,0.0,0.000%,,,,,,
282.0,Hippopotas,0.05402%,2.0,0.054%,2.0,0.069%,374.0,0.00699%,6.0,0.007%,6.0,0.009%
23.0,Hippowdon,6.80713%,252.0,6.807%,227.0,7.814%,43.0,3.09675%,2658.0,3.097%,2433.0,3.579%
319.0,Hitmonchan,0.02701%,1.0,0.027%,1.0,0.034%,119.0,0.49399%,424.0,0.494%,267.0,0.393%
183.0,Hitmonlee,0.21610%,8.0,0.216%,8.0,0.275%,142.0,0.32272%,277.0,0.323%,200.0,0.294%
143.0,Hitmontop,0.43220%,16.0,0.432%,10.0,0.344%,67.0,1.48779%,1277.0,1.488%,999.0,1.470%
127.0,Honchkrow,0.62129%,23.0,0.621%,20.0,0.688%,80.0,1.10099%,945.0,1.101%,757.0,1.114%
169.0,Houndoom,0.27012%,10.0,0.270%,8.0,0.275%,145.0,0.31340%,269.0,0.313%,156.0,0.229%
257.0,Huntail,0.05402%,2.0,0.054%,2.0,0.069%,332.0,0.01748%,15.0,0.017%,14.0,0.021%
22.0,Hydreigon,6.83414%,253.0,6.834%,200.0,6.885%,34.0,4.32589%,3713.0,4.326%,2881.0,4.238%
,Hypno,,,,,,283.0,0.03845%,33.0,0.038%,27.0,0.040%
,Illumise,,,,,,382.0,0.00583%,5.0,0.006%,2.0,0.003%
34.0,Infernape,5.29444%,196.0,5.294%,155.0,5.336%,36.0,4.08006%,3502.0,4.080%,2835.0,4.170%
337.0,Ivysaur,0.02701%,1.0,0.027%,0.0,0.000%,408.0,0.00350%,3.0,0.003%,2.0,0.003%
19.0,Jellicent,9.61642%,356.0,9.616%,272.0,9.363%,20.0,9.64908%,8282.0,9.649%,6575.0,9.672%
264.0,Jigglypuff,0.05402%,2.0,0.054%,2.0,0.069%,456.0,0.00117%,1.0,0.001%,1.0,0.001%
9.0,Jirachi,16.99082%,629.0,16.991%,508.0,17.487%,13.0,14.12061%,12120.0,14.121%,10127.0,14.897%
39.0,Jolteon,4.61912%,171.0,4.619%,134.0,4.613%,53.0,2.05867%,1767.0,2.059%,1406.0,2.068%
,Joltik,,,,,,455.0,0.00117%,1.0,0.001%,1.0,0.001%
286.0,Jumpluff,0.05402%,2.0,0.054%,1.0,0.034%,300.0,0.03029%,26.0,0.030%,14.0,0.021%
150.0,Jynx,0.35116%,13.0,0.351%,8.0,0.275%,282.0,0.03961%,34.0,0.040%,29.0,0.043%
,Kabuto,,,,,,377.0,0.00583%,5.0,0.006%,5.0,0.007%
117.0,Kabutops,0.72934%,27.0,0.729%,22.0,0.757%,187.0,0.16194%,139.0,0.162%,106.0,0.156%
311.0,Kadabra,0.02701%,1.0,0.027%,0.0,0.000%,340.0,0.01515%,13.0,0.015%,12.0,0.018%
279.0,Kakuna,0.05402%,2.0,0.054%,2.0,0.069%,465.0,0.00117%,1.0,0.001%,1.0,0.001%
247.0,Kangaskhan,0.08104%,3.0,0.081%,3.0,0.103%,295.0,0.03146%,27.0,0.031%,17.0,0.025%
,Kecleon,,,,,,384.0,0.00466%,4.0,0.005%,4.0,0.006%
13.0,Keldeo,12.39870%,459.0,12.399%,347.0,11.945%,9.0,17.17425%,14741.0,17.174%,11468.0,16.870%
98.0,Kingdra,0.99946%,37.0,0.999%,26.0,0.895%,100.0,0.74564%,640.0,0.746%,482.0,0.709%
252.0,Kingler,0.08104%,3.0,0.081%,2.0,0.069%,221.0,0.09088%,78.0,0.091%,51.0,0.075%
,Kirlia,,,,,,437.0,0.00117%,1.0,0.001%,1.0,0.001%
,Klang,,,,,,361.0,0.00932%,8.0,0.009%,6.0,0.009%
357.0,Klinklang,0.02701%,1.0,0.027%,1.0,0.034%,180.0,0.17243%,148.0,0.172%,117.0,0.172%
,Krabby,,,,,,471.0,0.00117%,1.0,0.001%,1.0,0.001%
,Kricketune,,,,,,406.0,0.00350%,3.0,0.003%,1.0,0.001%
373.0,Krokorok,0.02701%,1.0,0.027%,0.0,0.000%,431.0,0.00233%,2.0,0.002%,2.0,0.003%
88.0,Krookodile,1.24257%,46.0,1.243%,43.0,1.480%,81.0,1.06720%,916.0,1.067%,716.0,1.053%
108.0,Kyurem,0.86440%,32.0,0.864%,20.0,0.688%,74.0,1.30837%,1123.0,1.308%,903.0,1.328%
48.0,Kyurem-Black,3.53863%,131.0,3.539%,97.0,3.339%,25.0,7.33060%,6292.0,7.331%,4657.0,6.851%
,Lairon,,,,,,425.0,0.00233%,2.0,0.002%,2.0,0.003%
230.0,Lampent,0.10805%,4.0,0.108%,4.0,0.138%,,,,,,
4.0,Landorus-Therian,19.90816%,737.0,19.908%,622.0,21.411%,7.0,20.65896%,17732.0,20.659%,15489.0,22.785%
126.0,Lanturn,0.64830%,24.0,0.648%,21.0,0.723%,133.0,0.36583%,314.0,0.366%,193.0,0.284%
131.0,Lapras,0.51324%,19.0,0.513%,16.0,0.551%,83.0,1.05788%,908.0,1.058%,671.0,0.987%
24.0,Latias,6.40194%,237.0,6.402%,170.0,5.852%,40.0,3.36005%,2884.0,3.360%,2175.0,3.200%
3.0,Latios,20.93463%,775.0,20.935%,569.0,19.587%,1.0,27.73092%,23802.0,27.731%,17604.0,25.896%
158.0,Leafeon,0.32415%,12.0,0.324%,10.0,0.344%,249.0,0.06641%,57.0,0.066%,42.0,0.062%
315.0,Leavanny,0.02701%,1.0,0.027%,1.0,0.034%,197.0,0.12466%,107.0,0.125%,86.0,0.127%
,Ledian,,,,,,418.0,0.00233%,2.0,0.002%,2.0,0.003%
,Lickilicky,,,,,,226.0,0.08971%,77.0,0.090%,62.0,0.091%
,Lickitung,,,,,,383.0,0.00583%,5.0,0.006%,3.0,0.004%
110.0,Liepard,0.78336%,29.0,0.783%,23.0,0.792%,173.0,0.19340%,166.0,0.193%,146.0,0.215%
103.0,Lilligant,0.91842%,34.0,0.918%,28.0,0.964%,118.0,0.51379%,441.0,0.514%,333.0,0.490%
308.0,Lillipup,0.02701%,1.0,0.027%,0.0,0.000%,,,,,,
255.0,Linoone,0.05402%,2.0,0.054%,2.0,0.069%,327.0,0.01981%,17.0,0.020%,15.0,0.022%
253.0,Lombre,0.05402%,2.0,0.054%,2.0,0.069%,395.0,0.00466%,4.0,0.005%,1.0,0.001%
187.0,Lopunny,0.18909%,7.0,0.189%,5.0,0.172%,232.0,0.07922%,68.0,0.079%,38.0,0.056%
51.0,Lucario,3.32253%,123.0,3.323%,80.0,2.754%,41.0,3.35889%,2883.0,3.359%,2189.0,3.220%
101.0,Ludicolo,0.94543%,35.0,0.945%,28.0,0.964%,125.0,0.43224%,371.0,0.432%,258.0,0.380%
278.0,Lumineon,0.05402%,2.0,0.054%,2.0,0.069%,367.0,0.00816%,7.0,0.008%,4.0,0.006%
300.0,Lunatone,0.05402%,2.0,0.054%,1.0,0.034%,345.0,0.01398%,12.0,0.014%,8.0,0.012%
,Luvdisc,,,,,,433.0,0.00233%,2.0,0.002%,1.0,0.001%
189.0,Luxray,0.18909%,7.0,0.189%,6.0,0.207%,181.0,0.17010%,146.0,0.170%,98.0,0.144%
59.0,Machamp,2.37709%,88.0,2.377%,66.0,2.272%,68.0,1.44002%,1236.0,1.440%,1003.0,1.475%
198.0,Machoke,0.16207%,6.0,0.162%,5.0,0.172%,301.0,0.03029%,26.0,0.030%,19.0,0.028%
376.0,Machop,0.02701%,1.0,0.027%,1.0,0.034%,,,,,,
226.0,Magcargo,0.10805%,4.0,0.108%,4.0,0.138%,279.0,0.04194%,36.0,0.042%,24.0,0.035%
268.0,Magikarp,0.05402%,2.0,0.054%,2.0,0.069%,411.0,0.00350%,3.0,0.003%,3.0,0.004%
294.0,Magmar,0.05402%,2.0,0.054%,2.0,0.069%,306.0,0.02796%,24.0,0.028%,22.0,0.032%
155.0,Magmortar,0.35116%,13.0,0.351%,12.0,0.413%,223.0,0.09088%,78.0,0.091%,66.0,0.097%
238.0,Magnemite,0.08104%,3.0,0.081%,1.0,0.034%,362.0,0.00816%,7.0,0.008%,5.0,0.007%
,Magneton,,,,,,222.0,0.09088%,78.0,0.091%,61.0,0.090%
30.0,Magnezone,5.75365%,213.0,5.754%,158.0,5.439%,22.0,9.42306%,8088.0,9.423%,6165.0,9.069%
43.0,Mamoswine,4.05186%,150.0,4.052%,124.0,4.269%,26.0,7.17332%,6157.0,7.173%,4664.0,6.861%
113.0,Mandibuzz,0.75635%,28.0,0.756%,23.0,0.792%,132.0,0.36583%,314.0,0.366%,236.0,0.347%
140.0,Manectric,0.43220%,16.0,0.432%,15.0,0.516%,239.0,0.07340%,63.0,0.073%,48.0,0.071%
,Mantine,,,,,,291.0,0.03262%,28.0,0.033%,26.0,0.038%
,Mantyke,,,,,,342.0,0.01515%,13.0,0.015%,11.0,0.016%
,Maractus,,,,,,317.0,0.02330%,20.0,0.023%,16.0,0.024%
,Marill,,,,,,436.0,0.00233%,2.0,0.002%,1.0,0.001%
296.0,Marowak,0.05402%,2.0,0.054%,2.0,0.069%,184.0,0.16544%,142.0,0.165%,101.0,0.149%
335.0,Masquerain,0.02701%,1.0,0.027%,0.0,0.000%,325.0,0.01981%,17.0,0.020%,13.0,0.019%
309.0,Mawile,0.02701%,1.0,0.027%,1.0,0.034%,323.0,0.01981%,17.0,0.020%,14.0,0.021%
277.0,Medicham,0.05402%,2.0,0.054%,2.0,0.069%,122.0,0.46253%,397.0,0.463%,285.0,0.419%
,Meditite,,,,,,347.0,0.01398%,12.0,0.014%,10.0,0.015%
297.0,Meganium,0.05402%,2.0,0.054%,0.0,0.000%,207.0,0.10835%,93.0,0.108%,71.0,0.104%
152.0,Meloetta,0.35116%,13.0,0.351%,8.0,0.275%,193.0,0.13631%,117.0,0.136%,79.0,0.116%
,Meowth,,,,,,390.0,0.00466%,4.0,0.005%,2.0,0.003%
323.0,Mesprit,0.02701%,1.0,0.027%,0.0,0.000%,287.0,0.03612%,31.0,0.036%,24.0,0.035%
40.0,Metagross,4.59211%,170.0,4.592%,124.0,4.269%,42.0,3.32044%,2850.0,3.320%,2333.0,3.432%
220.0,Metang,0.10805%,4.0,0.108%,3.0,0.103%,461.0,0.00117%,1.0,0.001%,1.0,0.001%
273.0,Metapod,0.05402%,2.0,0.054%,2.0,0.069%,463.0,0.00117%,1.0,0.001%,1.0,0.001%
41.0,Mew,4.43004%,164.0,4.430%,123.0,4.234%,65.0,1.50760%,1294.0,1.508%,1116.0,1.642%
,Mienfoo,,,,,,459.0,0.00117%,1.0,0.001%,1.0,0.001%
64.0,Mienshao,2.02593%,75.0,2.026%,66.0,2.272%,55.0,1.96197%,1684.0,1.962%,1404.0,2.065%
292.0,Mightyena,0.05402%,2.0,0.054%,2.0,0.069%,273.0,0.04893%,42.0,0.049%,30.0,0.044%
99.0,Milotic,0.97245%,36.0,0.972%,28.0,0.964%,93.0,0.81671%,701.0,0.817%,550.0,0.809%
301.0,Miltank,0.05402%,2.0,0.054%,2.0,0.069%,182.0,0.16660%,143.0,0.167%,113.0,0.166%
,Minun,,,,,,440.0,0.00117%,1.0,0.001%,1.0,0.001%
,Misdreavus,,,,,,322.0,0.02097%,18.0,0.021%,18.0,0.026%
196.0,Mismagius,0.16207%,6.0,0.162%,6.0,0.207%,124.0,0.43573%,374.0,0.436%,281.0,0.413%
145.0,Moltres,0.40519%,15.0,0.405%,11.0,0.379%,198.0,0.12117%,104.0,0.121%,78.0,0.115%
369.0,Monferno,0.02701%,1.0,0.027%,1.0,0.034%,,,,,,
106.0,Mr.Mime,0.89141%,33.0,0.891%,19.0,0.654%,237.0,0.07573%,65.0,0.076%,45.0,0.066%
326.0,Muk,0.02701%,1.0,0.027%,1.0,0.034%,189.0,0.15146%,130.0,0.151%,81.0,0.119%
,Munchlax,,,,,,356.0,0.01165%,10.0,0.012%,8.0,0.012%
,Murkrow,,,,,,231.0,0.08039%,69.0,0.080%,53.0,0.078%
246.0,Musharna,0.08104%,3.0,0.081%,3.0,0.103%,185.0,0.16427%,141.0,0.164%,120.0,0.177%
129.0,Nidoking,0.56726%,21.0,0.567%,15.0,0.516%,87.0,0.92739%,796.0,0.927%,599.0,0.881%
168.0,Nidoqueen,0.27012%,10.0,0.270%,9.0,0.310%,186.0,0.16194%,139.0,0.162%,120.0,0.177%
27.0,Ninetales,6.15883%,228.0,6.159%,213.0,7.332%,31.0,4.80124%,4121.0,4.801%,3466.0,5.099%
65.0,Ninjask,1.99892%,74.0,1.999%,74.0,2.547%,267.0,0.05476%,47.0,0.055%,38.0,0.056%
350.0,Noctowl,0.02701%,1.0,0.027%,1.0,0.034%,334.0,0.01748%,15.0,0.017%,12.0,0.018%
333.0,Nosepass,0.02701%,1.0,0.027%,1.0,0.034%,405.0,0.00350%,3.0,0.003%,3.0,0.004%
,Octillery,,,,,,307.0,0.02796%,24.0,0.028%,16.0,0.024%
201.0,Omastar,0.13506%,5.0,0.135%,5.0,0.172%,178.0,0.17826%,153.0,0.178%,114.0,0.168%
338.0,Onix,0.02701%,1.0,0.027%,1.0,0.034%,302.0,0.02913%,25.0,0.029%,24.0,0.035%
191.0,Oshawott,0.18909%,7.0,0.189%,4.0,0.138%,354.0,0.01165%,10.0,0.012%,9.0,0.013%
324.0,Pachirisu,0.02701%,1.0,0.027%,1.0,0.034%,259.0,0.06291%,54.0,0.063%,35.0,0.051%
365.0,Palpitoad,0.02701%,1.0,0.027%,1.0,0.034%,336.0,0.01631%,14.0,0.016%,14.0,0.021%
,Pansear,,,,,,402.0,0.00350%,3.0,0.003%,3.0,0.004%
,Paras,,,,,,397.0,0.00466%,4.0,0.005%,4.0,0.006%
151.0,Parasect,0.35116%,13.0,0.351%,8.0,0.275%,253.0,0.06524%,56.0,0.065%,43.0,0.063%
,Pawniard,,,,,,369.0,0.00699%,6.0,0.007%,4.0,0.006%
368.0,Pelipper,0.02701%,1.0,0.027%,1.0,0.034%,230.0,0.08388%,72.0,0.084%,57.0,0.084%
,Persian,,,,,,128.0,0.41709%,358.0,0.417%,341.0,0.502%
,Phanpy,,,,,,430.0,0.00233%,2.0,0.002%,1.0,0.001%
217.0,Pidgeot,0.13506%,5.0,0.135%,3.0,0.103%,243.0,0.07107%,61.0,0.071%,45.0,0.066%
330.0,Pidgeotto,0.02701%,1.0,0.027%,1.0,0.034%,,,,,,
321.0,Pidove,0.02701%,1.0,0.027%,0.0,0.000%,403.0,0.00350%,3.0,0.003%,3.0,0.004%
328.0,Pignite,0.02701%,1.0,0.027%,1.0,0.034%,290.0,0.03262%,28.0,0.033%,26.0,0.038%
109.0,Pikachu,0.83739%,31.0,0.837%,26.0,0.895%,115.0,0.54059%,464.0,0.541%,306.0,0.450%
,Piloswine,,,,,,244.0,0.06990%,60.0,0.070%,49.0,0.072%
348.0,Pineco,0.02701%,1.0,0.027%,1.0,0.034%,409.0,0.00350%,3.0,0.003%,3.0,0.004%
231.0,Pinsir,0.10805%,4.0,0.108%,3.0,0.103%,313.0,0.02447%,21.0,0.024%,19.0,0.028%
347.0,Plusle,0.02701%,1.0,0.027%,1.0,0.034%,353.0,0.01282%,11.0,0.013%,10.0,0.015%
6.0,Politoed,18.15235%,672.0,18.152%,610.0,20.998%,10.0,16.64298%,14285.0,16.643%,12785.0,18.807%
,Poliwhirl,,,,,,410.0,0.00350%,3.0,0.003%,3.0,0.004%
199.0,Poliwrath,0.13506%,5.0,0.135%,2.0,0.069%,212.0,0.10020%,86.0,0.100%,63.0,0.093%
138.0,Porygon-Z,0.45921%,17.0,0.459%,13.0,0.448%,105.0,0.62098%,533.0,0.621%,423.0,0.622%
92.0,Porygon2,1.16153%,43.0,1.162%,38.0,1.308%,85.0,1.02526%,880.0,1.025%,728.0,1.071%
212.0,Primeape,0.13506%,5.0,0.135%,3.0,0.103%,299.0,0.03029%,26.0,0.030%,24.0,0.035%
,Prinplup,,,,,,444.0,0.00117%,1.0,0.001%,1.0,0.001%
359.0,Probopass,0.02701%,1.0,0.027%,1.0,0.034%,228.0,0.08621%,74.0,0.086%,69.0,0.102%
322.0,Purrloin,0.02701%,1.0,0.027%,1.0,0.034%,439.0,0.00117%,1.0,0.001%,1.0,0.001%
,Purugly,,,,,,241.0,0.07223%,62.0,0.072%,60.0,0.088%
157.0,Quagsire,0.32415%,12.0,0.324%,12.0,0.413%,101.0,0.74564%,640.0,0.746%,488.0,0.718%
,Quilava,,,,,,387.0,0.00466%,4.0,0.005%,3.0,0.004%
195.0,Qwilfish,0.16207%,6.0,0.162%,4.0,0.138%,305.0,0.02796%,24.0,0.028%,22.0,0.032%
139.0,Raichu,0.45921%,17.0,0.459%,14.0,0.482%,194.0,0.13515%,116.0,0.135%,95.0,0.140%
125.0,Raikou,0.64830%,24.0,0.648%,20.0,0.688%,116.0,0.52545%,451.0,0.525%,348.0,0.512%
325.0,Ralts,0.02701%,1.0,0.027%,1.0,0.034%,,,,,,
251.0,Rampardos,0.08104%,3.0,0.081%,2.0,0.069%,215.0,0.09787%,84.0,0.098%,61.0,0.090%
,Rapidash,,,,,,248.0,0.06757%,58.0,0.068%,38.0,0.056%
310.0,Raticate,0.02701%,1.0,0.027%,1.0,0.034%,292.0,0.03262%,28.0,0.033%,21.0,0.031%
331.0,Rattata,0.02701%,1.0,0.027%,1.0,0.034%,298.0,0.03029%,26.0,0.030%,25.0,0.037%
304.0,Regice,0.05402%,2.0,0.054%,2.0,0.069%,269.0,0.05126%,44.0,0.051%,34.0,0.050%
,Regigigas,,,,,,233.0,0.07922%,68.0,0.079%,57.0,0.084%
202.0,Regirock,0.13506%,5.0,0.135%,3.0,0.103%,203.0,0.11418%,98.0,0.114%,86.0,0.127%
209.0,Registeel,0.13506%,5.0,0.135%,3.0,0.103%,188.0,0.15379%,132.0,0.154%,115.0,0.169%
,Relicanth,,,,,,346.0,0.01398%,12.0,0.014%,8.0,0.012%
29.0,Reuniclus,5.78066%,214.0,5.781%,135.0,4.647%,24.0,8.25450%,7085.0,8.254%,5345.0,7.863%
346.0,Rhydon,0.02701%,1.0,0.027%,1.0,0.034%,164.0,0.22486%,193.0,0.225%,136.0,0.200%
379.0,Rhyhorn,0.02701%,1.0,0.027%,1.0,0.034%,,,,,,
118.0,Rhyperior,0.70232%,26.0,0.702%,20.0,0.688%,141.0,0.32855%,282.0,0.329%,216.0,0.318%
105.0,Riolu,0.89141%,33.0,0.891%,27.0,0.929%,139.0,0.34136%,293.0,0.341%,186.0,0.274%
,Roggenrola,,,,,,310.0,0.02563%,22.0,0.026%,22.0,0.032%
,Roselia,,,,,,293.0,0.03146%,27.0,0.031%,18.0,0.026%
55.0,Roserade,2.86332%,106.0,2.863%,74.0,2.547%,56.0,1.94916%,1673.0,1.949%,1160.0,1.706%
258.0,Rotom,0.05402%,2.0,0.054%,1.0,0.034%,159.0,0.25631%,220.0,0.256%,189.0,0.278%
244.0,Rotom-Fan,0.08104%,3.0,0.081%,2.0,0.069%,379.0,0.00583%,5.0,0.006%,4.0,0.006%
207.0,Rotom-Frost,0.13506%,5.0,0.135%,5.0,0.172%,177.0,0.18175%,156.0,0.182%,108.0,0.159%
170.0,Rotom-Heat,0.27012%,10.0,0.270%,8.0,0.275%,111.0,0.57787%,496.0,0.578%,383.0,0.563%
203.0,Rotom-Mow,0.13506%,5.0,0.135%,5.0,0.172%,149.0,0.28428%,244.0,0.284%,221.0,0.325%
15.0,Rotom-Wash,11.66937%,432.0,11.669%,375.0,12.909%,15.0,13.23982%,11364.0,13.240%,9910.0,14.578%
54.0,Sableye,2.97137%,110.0,2.971%,90.0,3.098%,64.0,1.52158%,1306.0,1.522%,1083.0,1.593%
32.0,Salamence,5.48352%,203.0,5.484%,149.0,5.129%,35.0,4.14880%,3561.0,4.149%,2508.0,3.689%
84.0,Samurott,1.40465%,52.0,1.405%,44.0,1.515%,114.0,0.56622%,486.0,0.566%,387.0,0.569%
354.0,Sandile,0.02701%,1.0,0.027%,1.0,0.034%,460.0,0.00117%,1.0,0.001%,1.0,0.001%
188.0,Sandslash,0.18909%,7.0,0.189%,5.0,0.172%,,,,,,
287.0,Sawk,0.05402%,2.0,0.054%,2.0,0.069%,205.0,0.11418%,98.0,0.114%,80.0,0.118%
165.0,Sawsbuck,0.29714%,11.0,0.297%,8.0,0.275%,252.0,0.06641%,57.0,0.066%,47.0,0.069%
130.0,Sceptile,0.54025%,20.0,0.540%,15.0,0.516%,138.0,0.34486%,296.0,0.345%,227.0,0.334%
2.0,Scizor,21.52890%,797.0,21.529%,644.0,22.169%,6.0,21.37431%,18346.0,21.374%,14159.0,20.828%
166.0,Scolipede,0.29714%,11.0,0.297%,10.0,0.344%,146.0,0.29476%,253.0,0.295%,209.0,0.307%
56.0,Scrafty,2.80929%,104.0,2.809%,77.0,2.651%,63.0,1.52857%,1312.0,1.529%,995.0,1.464%
261.0,Scraggy,0.05402%,2.0,0.054%,1.0,0.034%,277.0,0.04427%,38.0,0.044%,38.0,0.056%
271.0,Scyther,0.05402%,2.0,0.054%,1.0,0.034%,127.0,0.42059%,361.0,0.421%,233.0,0.343%
,Seaking,,,,,,311.0,0.02563%,22.0,0.026%,14.0,0.021%
316.0,Sealeo,0.02701%,1.0,0.027%,1.0,0.034%,,,,,,
,Seel,,,,,,359.0,0.01049%,9.0,0.010%,7.0,0.010%
180.0,Seismitoad,0.21610%,8.0,0.216%,6.0,0.207%,77.0,1.20817%,1037.0,1.208%,941.0,1.384%
91.0,Serperior,1.18855%,44.0,1.189%,31.0,1.067%,108.0,0.60350%,518.0,0.604%,411.0,0.605%
215.0,Servine,0.13506%,5.0,0.135%,5.0,0.172%,,,,,,
200.0,Seviper,0.13506%,5.0,0.135%,5.0,0.172%,280.0,0.04078%,35.0,0.041%,24.0,0.035%
,Sewaddle,,,,,,415.0,0.00233%,2.0,0.002%,2.0,0.003%
123.0,Sharpedo,0.64830%,24.0,0.648%,14.0,0.482%,96.0,0.79108%,679.0,0.791%,459.0,0.675%
142.0,Shaymin,0.43220%,16.0,0.432%,12.0,0.413%,129.0,0.41010%,352.0,0.410%,288.0,0.424%
,Shedinja,,,,,,167.0,0.21204%,182.0,0.212%,107.0,0.157%
351.0,Shelgon,0.02701%,1.0,0.027%,1.0,0.034%,,,,,,
,Shellder,,,,,,417.0,0.00233%,2.0,0.002%,1.0,0.001%
298.0,Shelmet,0.05402%,2.0,0.054%,2.0,0.069%,,,,,,
364.0,Shieldon,0.02701%,1.0,0.027%,0.0,0.000%,,,,,,
303.0,Shiftry,0.05402%,2.0,0.054%,0.0,0.000%,240.0,0.07223%,62.0,0.072%,50.0,0.074%
,Shroomish,,,,,,389.0,0.00466%,4.0,0.005%,3.0,0.004%
182.0,Shuckle,0.21610%,8.0,0.216%,4.0,0.138%,137.0,0.34835%,299.0,0.348%,247.0,0.363%
133.0,Sigilyph,0.51324%,19.0,0.513%,13.0,0.448%,110.0,0.59418%,510.0,0.594%,373.0,0.549%
,Simipour,,,,,,213.0,0.10020%,86.0,0.100%,65.0,0.096%
153.0,Simisage,0.35116%,13.0,0.351%,12.0,0.413%,274.0,0.04777%,41.0,0.048%,33.0,0.049%
299.0,Simisear,0.05402%,2.0,0.054%,2.0,0.069%,304.0,0.02796%,24.0,0.028%,20.0,0.029%
14.0,Skarmory,11.99352%,444.0,11.994%,390.0,13.425%,16.0,11.12988%,9553.0,11.130%,8605.0,12.658%
,Skorupi,,,,,,449.0,0.00117%,1.0,0.001%,1.0,0.001%
312.0,Skuntank,0.02701%,1.0,0.027%,0.0,0.000%,242.0,0.07223%,62.0,0.072%,42.0,0.062%
186.0,Slaking,0.18909%,7.0,0.189%,5.0,0.172%,238.0,0.07340%,63.0,0.073%,54.0,0.079%
,Slakoth,,,,,,447.0,0.00117%,1.0,0.001%,1.0,0.001%
81.0,Slowbro,1.45867%,54.0,1.459%,42.0,1.446%,82.0,1.06254%,912.0,1.063%,754.0,1.109%
112.0,Slowking,0.75635%,28.0,0.756%,23.0,0.792%,154.0,0.26564%,228.0,0.266%,185.0,0.272%
73.0,Smeargle,1.72880%,64.0,1.729%,46.0,1.583%,206.0,0.10835%,93.0,0.108%,85.0,0.125%
380.0,Sneasel,0.02701%,1.0,0.027%,0.0,0.000%,335.0,0.01748%,15.0,0.017%,14.0,0.021%
192.0,Snivy,0.18909%,7.0,0.189%,5.0,0.172%,343.0,0.01515%,13.0,0.015%,13.0,0.019%
67.0,Snorlax,1.91788%,71.0,1.918%,61.0,2.100%,70.0,1.38526%,1189.0,1.385%,951.0,1.399%
,Snorunt,,,,,,419.0,0.00233%,2.0,0.002%,2.0,0.003%
290.0,Snover,0.05402%,2.0,0.054%,1.0,0.034%,,,,,,
,Solrock,,,,,,392.0,0.00466%,4.0,0.005%,3.0,0.004%
,Spheal,,,,,,448.0,0.00117%,1.0,0.001%,1.0,0.001%
,Spinarak,,,,,,476.0,0.00117%,1.0,0.001%,1.0,0.001%
235.0,Spinda,0.10805%,4.0,0.108%,3.0,0.103%,175.0,0.18991%,163.0,0.190%,138.0,0.203%
167.0,Spiritomb,0.27012%,10.0,0.270%,8.0,0.275%,109.0,0.60117%,516.0,0.601%,411.0,0.605%
194.0,Squirtle,0.16207%,6.0,0.162%,5.0,0.172%,385.0,0.00466%,4.0,0.005%,4.0,0.006%
,Stantler,,,,,,338.0,0.01631%,14.0,0.016%,14.0,0.021%
85.0,Staraptor,1.35062%,50.0,1.351%,43.0,1.480%,79.0,1.11380%,956.0,1.114%,741.0,1.090%
,Starly,,,,,,426.0,0.00233%,2.0,0.002%,2.0,0.003%
7.0,Starmie,17.93625%,664.0,17.936%,510.0,17.556%,4.0,24.39067%,20935.0,24.391%,15932.0,23.437%
,Staryu,,,,,,391.0,0.00466%,4.0,0.005%,2.0,0.003%
204.0,Steelix,0.13506%,5.0,0.135%,5.0,0.172%,157.0,0.25864%,222.0,0.259%,188.0,0.277%
79.0,Stoutland,1.51270%,56.0,1.513%,37.0,1.274%,216.0,0.09670%,83.0,0.097%,73.0,0.107%
374.0,Stunfisk,0.02701%,1.0,0.027%,1.0,0.034%,281.0,0.04078%,35.0,0.041%,30.0,0.044%
,Sudowoodo,,,,,,272.0,0.05010%,43.0,0.050%,38.0,0.056%
141.0,Suicune,0.43220%,16.0,0.432%,12.0,0.413%,94.0,0.80040%,687.0,0.800%,552.0,0.812%
344.0,Sunflora,0.02701%,1.0,0.027%,1.0,0.034%,341.0,0.01515%,13.0,0.015%,10.0,0.015%
,Swadloon,,,,,,442.0,0.00117%,1.0,0.001%,1.0,0.001%
,Swalot,,,,,,326.0,0.01981%,17.0,0.020%,16.0,0.024%
69.0,Swampert,1.89087%,70.0,1.891%,59.0,2.031%,95.0,0.79807%,685.0,0.798%,552.0,0.812%
179.0,Swanna,0.21610%,8.0,0.216%,7.0,0.241%,224.0,0.09088%,78.0,0.091%,56.0,0.082%
115.0,Swellow,0.72934%,27.0,0.729%,16.0,0.551%,162.0,0.24932%,214.0,0.249%,144.0,0.212%
,Swoobat,,,,,,200.0,0.11767%,101.0,0.118%,91.0,0.134%
,Taillow,,,,,,466.0,0.00117%,1.0,0.001%,1.0,0.001%
,Tangela,,,,,,211.0,0.10136%,87.0,0.101%,76.0,0.112%
175.0,Tangrowth,0.24311%,9.0,0.243%,6.0,0.207%,104.0,0.63147%,542.0,0.631%,418.0,0.615%
211.0,Tauros,0.13506%,5.0,0.135%,3.0,0.103%,204.0,0.11418%,98.0,0.114%,75.0,0.110%
21.0,Tentacruel,7.13128%,264.0,7.131%,210.0,7.229%,23.0,9.05723%,7774.0,9.057%,5905.0,8.686%
,Tepig,,,,,,413.0,0.00350%,3.0,0.003%,2.0,0.003%
17.0,Terrakion,10.64290%,394.0,10.643%,285.0,9.811%,30.0,6.00708%,5156.0,6.007%,4180.0,6.149%
267.0,Throh,0.05402%,2.0,0.054%,2.0,0.069%,214.0,0.10020%,86.0,0.100%,67.0,0.099%
33.0,Thundurus-Therian,5.45651%,202.0,5.457%,148.0,5.095%,19.0,10.04753%,8624.0,10.048%,6903.0,10.155%
,Tirtouga,,,,,,421.0,0.00233%,2.0,0.002%,2.0,0.003%
78.0,Togekiss,1.59373%,59.0,1.594%,46.0,1.583%,71.0,1.37361%,1179.0,1.374%,965.0,1.420%
,Togepi,,,,,,438.0,0.00117%,1.0,0.001%,1.0,0.001%
334.0,Togetic,0.02701%,1.0,0.027%,1.0,0.034%,380.0,0.00583%,5.0,0.006%,5.0,0.007%
219.0,Torkoal,0.10805%,4.0,0.108%,4.0,0.138%,136.0,0.34835%,299.0,0.348%,263.0,0.387%
47.0,Tornadus,3.53863%,131.0,3.539%,111.0,3.821%,61.0,1.63109%,1400.0,1.631%,1039.0,1.528%
136.0,Torterra,0.48622%,18.0,0.486%,13.0,0.448%,171.0,0.20622%,177.0,0.206%,147.0,0.216%
218.0,Totodile,0.10805%,4.0,0.108%,0.0,0.000%,401.0,0.00350%,3.0,0.003%,2.0,0.003%
26.0,Toxicroak,6.23987%,231.0,6.240%,166.0,5.714%,47.0,2.28470%,1961.0,2.285%,1463.0,2.152%
284.0,Tranquill,0.05402%,2.0,0.054%,2.0,0.069%,416.0,0.00233%,2.0,0.002%,2.0,0.003%
,Tropius,,,,,,260.0,0.06175%,53.0,0.062%,41.0,0.060%
352.0,Trubbish,0.02701%,1.0,0.027%,1.0,0.034%,,,,,,
154.0,Typhlosion,0.35116%,13.0,0.351%,12.0,0.413%,165.0,0.21787%,187.0,0.218%,154.0,0.227%
5.0,Tyranitar,19.85413%,735.0,19.854%,583.0,20.069%,3.0,25.65244%,22018.0,25.652%,18360.0,27.008%
77.0,Umbreon,1.64776%,61.0,1.648%,48.0,1.652%,78.0,1.13361%,973.0,1.134%,738.0,1.086%
119.0,Unfezant,0.67531%,25.0,0.675%,18.0,0.620%,257.0,0.06291%,54.0,0.063%,44.0,0.065%
363.0,Unown,0.02701%,1.0,0.027%,0.0,0.000%,,,,,,
371.0,Ursaring,0.02701%,1.0,0.027%,1.0,0.034%,195.0,0.13049%,112.0,0.130%,86.0,0.127%
,Uxie,,,,,,254.0,0.06408%,55.0,0.064%,51.0,0.075%
227.0,Vanilluxe,0.10805%,4.0,0.108%,4.0,0.138%,261.0,0.06058%,52.0,0.061%,41.0,0.060%
45.0,Vaporeon,3.83576%,142.0,3.836%,106.0,3.649%,99.0,0.75263%,646.0,0.753%,506.0,0.744%
164.0,Venomoth,0.29714%,11.0,0.297%,8.0,0.275%,172.0,0.19457%,167.0,0.195%,132.0,0.194%
318.0,Venonat,0.02701%,1.0,0.027%,1.0,0.034%,,,,,,
36.0,Venusaur,4.97029%,184.0,4.970%,147.0,5.060%,91.0,0.87497%,751.0,0.875%,574.0,0.844%
,Vespiquen,,,,,,371.0,0.00699%,6.0,0.007%,5.0,0.007%
86.0,Victini,1.35062%,50.0,1.351%,37.0,1.274%,54.0,1.96314%,1685.0,1.963%,1276.0,1.877%
149.0,Victreebel,0.35116%,13.0,0.351%,8.0,0.275%,314.0,0.02330%,20.0,0.023%,17.0,0.025%
,Vigoroth,,,,,,368.0,0.00816%,7.0,0.008%,6.0,0.009%
214.0,Vileplume,0.13506%,5.0,0.135%,3.0,0.103%,284.0,0.03728%,32.0,0.037%,24.0,0.035%
90.0,Virizion,1.21556%,45.0,1.216%,34.0,1.170%,163.0,0.23068%,198.0,0.231%,139.0,0.204%
216.0,Volbeat,0.13506%,5.0,0.135%,4.0,0.138%,339.0,0.01631%,14.0,0.016%,11.0,0.016%
16.0,Volcarona,10.66991%,395.0,10.670%,286.0,9.845%,14.0,13.89575%,11927.0,13.896%,8661.0,12.741%
355.0,Voltorb,0.02701%,1.0,0.027%,1.0,0.034%,,,,,,
366.0,Vullaby,0.02701%,1.0,0.027%,1.0,0.034%,370.0,0.00699%,6.0,0.007%,3.0,0.004%
270.0,Vulpix,0.05402%,2.0,0.054%,2.0,0.069%,453.0,0.00117%,1.0,0.001%,1.0,0.001%
,Wailord,,,,,,255.0,0.06408%,55.0,0.064%,48.0,0.071%
132.0,Walrein,0.51324%,19.0,0.513%,16.0,0.551%,196.0,0.12816%,110.0,0.128%,86.0,0.127%
,Wartortle,,,,,,351.0,0.01398%,12.0,0.014%,7.0,0.010%
,Watchog,,,,,,227.0,0.08971%,77.0,0.090%,70.0,0.103%
46.0,Weavile,3.56564%,132.0,3.566%,102.0,3.511%,49.0,2.19266%,1882.0,2.193%,1422.0,2.092%
375.0,Weedle,0.02701%,1.0,0.027%,0.0,0.000%,464.0,0.00117%,1.0,0.001%,1.0,0.001%
223.0,Weezing,0.10805%,4.0,0.108%,4.0,0.138%,168.0,0.20971%,180.0,0.210%,134.0,0.197%
124.0,Whimsicott,0.64830%,24.0,0.648%,17.0,0.585%,113.0,0.57438%,493.0,0.574%,416.0,0.612%
259.0,Whirlipede,0.05402%,2.0,0.054%,2.0,0.069%,381.0,0.00583%,5.0,0.006%,5.0,0.007%
276.0,Whiscash,0.05402%,2.0,0.054%,1.0,0.034%,263.0,0.05825%,50.0,0.058%,38.0,0.056%
,Wigglytuff,,,,,,337.0,0.01631%,14.0,0.016%,11.0,0.016%
,Wingull,,,,,,246.0,0.06874%,59.0,0.069%,47.0,0.069%
75.0,Wobbuffet,1.67477%,62.0,1.675%,54.0,1.859%,315.0,0.02330%,20.0,0.023%,16.0,0.024%
,Wooper,,,,,,333.0,0.01748%,15.0,0.017%,12.0,0.018%
,Wormadam,,,,,,428.0,0.00233%,2.0,0.002%,2.0,0.003%
,Wormadam-Sandy,,,,,,473.0,0.00117%,1.0,0.001%,1.0,0.001%
,Wurmple,,,,,,475.0,0.00117%,1.0,0.001%,1.0,0.001%
87.0,Xatu,1.32361%,49.0,1.324%,41.0,1.411%,46.0,2.40586%,2065.0,2.406%,1678.0,2.468%
295.0,Yamask,0.05402%,2.0,0.054%,2.0,0.069%,,,,,,
245.0,Yanmega,0.08104%,3.0,0.081%,3.0,0.103%,134.0,0.36583%,314.0,0.366%,252.0,0.371%
205.0,Zangoose,0.13506%,5.0,0.135%,4.0,0.138%,286.0,0.03728%,32.0,0.037%,29.0,0.043%
52.0,Zapdos,3.18747%,118.0,3.187%,90.0,3.098%,51.0,2.14023%,1837.0,2.140%,1439.0,2.117%
241.0,Zebstrika,0.08104%,3.0,0.081%,3.0,0.103%,170.0,0.20738%,178.0,0.207%,127.0,0.187%
,Zigzagoon,,,,,,435.0,0.00233%,2.0,0.002%,1.0,0.001%
82.0,Zoroark,1.43166%,53.0,1.432%,18.0,0.620%,86.0,1.01361%,870.0,1.014%,289.0,0.425%
256.0,Zorua,0.05402%,2.0,0.054%,0.0,0.000%,434.0,0.00233%,2.0,0.002%,0.0,0.000%
360.0,Zubat,0.02701%,1.0,0.027%,1.0,0.034%,,,,,,
,Zweilous,,,,,,467.0,0.00117%,1.0,0.001%,1.0,0.001%
